{
    "result_patching_performance_global_iteration_0": {
        "acc_match": 0.81925,
        "acc_task": 0.82325,
        "task_loss": 0.011292814805638046,
        "kl_div": 7.532210080171353e-05,
        "num_edges": 12,
        "coef": 4.9500000000000004e-05
    },
    "result_patching_config_global_iteration_0": {
        "0": {
            "k": {
                "0": [],
                "1": [],
                "2": [
                    "wte"
                ],
                "3": []
            },
            "q": {
                "0": [],
                "1": [],
                "2": [
                    "wte"
                ],
                "3": []
            },
            "v": {
                "0": [],
                "1": [],
                "2": [
                    "wte"
                ],
                "3": []
            },
            "mlp": [
                "wte",
                "attn_output-0-2"
            ]
        },
        "1": {
            "k": {
                "0": [],
                "1": [],
                "2": [],
                "3": [
                    "mlp-0"
                ]
            },
            "q": {
                "0": [],
                "1": [],
                "2": [],
                "3": [
                    "mlp-0"
                ]
            },
            "v": {
                "0": [],
                "1": [],
                "2": [],
                "3": [
                    "mlp-0"
                ]
            },
            "mlp": [
                "mlp-0"
            ]
        },
        "lm_head": [
            "attn_output-1-3",
            "mlp-0",
            "mlp-1"
        ]
    },
    "acc_match": 0.4375,
    "acc_task": 0.44133333333333336,
    "kl_div": 0.000250506386073539,
    "task_loss": 0.03883051552809775,
    "result_patching_performance_global_iteration_1": {
        "acc_match": 0.39729166666666665,
        "acc_task": 0.3995416666666667,
        "task_loss": 0.04202146340161562,
        "kl_div": 0.00027560718393942807,
        "num_edges": 11,
        "coef": 3.3102645096332895e-05
    },
    "result_patching_config_global_iteration_1": {
        "0": {
            "k": {
                "0": [],
                "1": [],
                "2": [
                    "wte"
                ],
                "3": []
            },
            "q": {
                "0": [],
                "1": [],
                "2": [
                    "wte"
                ],
                "3": []
            },
            "v": {
                "0": [],
                "1": [],
                "2": [
                    "wte"
                ],
                "3": []
            },
            "mlp": [
                "wte",
                "attn_output-0-2-wte"
            ]
        },
        "1": {
            "k": {
                "0": [],
                "1": [],
                "2": [],
                "3": []
            },
            "q": {
                "0": [],
                "1": [],
                "2": [],
                "3": []
            },
            "v": {
                "0": [],
                "1": [],
                "2": [],
                "3": []
            },
            "mlp": [
                "mlp-0-wte",
                "mlp-0-attn_output-0-2-wte"
            ]
        },
        "lm_head": [
            "mlp-0-wte",
            "mlp-0-attn_output-0-2-wte",
            "mlp-1-mlp-0-wte",
            "mlp-1-mlp-0-attn_output-0-2-wte"
        ]
    },
    "result_patching_performance_global_iteration_2": {
        "acc_match": 0.4375,
        "acc_task": 0.44133333333333336,
        "task_loss": 0.03883051552809775,
        "kl_div": 0.000250506386073539,
        "num_edges": 2,
        "coef": 0.0003700988233522522
    },
    "result_patching_config_global_iteration_2": {
        "0": {
            "k": {
                "0": [],
                "1": [],
                "2": [
                    "wte"
                ],
                "3": []
            },
            "v": {
                "0": [],
                "1": [],
                "2": [
                    "wte"
                ],
                "3": []
            },
            "mlp": [
                "wte",
                "attn_output-0-2-wte"
            ],
            "qk": {
                "0": [],
                "1": [],
                "2": [
                    [
                        "wte",
                        "wte"
                    ]
                ],
                "3": []
            }
        },
        "1": {
            "k": {
                "0": [],
                "1": [],
                "2": [],
                "3": []
            },
            "v": {
                "0": [],
                "1": [],
                "2": [],
                "3": []
            },
            "mlp": [
                "mlp-0-wte",
                "mlp-0-attn_output-0-2-wte"
            ],
            "qk": {
                "0": [],
                "1": [],
                "2": [],
                "3": []
            }
        },
        "lm_head": [
            "mlp-0-wte",
            "mlp-0-attn_output-0-2-wte",
            "mlp-1-mlp-0-wte",
            "mlp-1-mlp-0-attn_output-0-2-wte"
        ]
    }
}