{
    "result_patching_performance_global_iteration_0": {
        "acc_match": 0.0045,
        "acc_task": 0.00375,
        "task_loss": 0.1349362526461482,
        "kl_div": 0.000863175978010986,
        "num_edges": 2,
        "coef": 0.0002443761035780708
    },
    "result_patching_config_global_iteration_0": {
        "0": {
            "k": {
                "0": [],
                "1": [],
                "2": [],
                "3": []
            },
            "q": {
                "0": [],
                "1": [],
                "2": [],
                "3": []
            },
            "v": {
                "0": [],
                "1": [],
                "2": [],
                "3": []
            },
            "mlp": [
                "wte"
            ]
        },
        "1": {
            "k": {
                "0": [],
                "1": [],
                "2": [],
                "3": []
            },
            "q": {
                "0": [],
                "1": [],
                "2": [],
                "3": []
            },
            "v": {
                "0": [],
                "1": [],
                "2": [],
                "3": []
            },
            "mlp": []
        },
        "lm_head": [
            "mlp-0"
        ]
    },
    "acc_match": 0.002458333333333333,
    "acc_task": 0.00175,
    "kl_div": 0.000893584800651297,
    "task_loss": 0.13991183396428825,
    "result_patching_performance_global_iteration_1": {
        "acc_match": 0.002458333333333333,
        "acc_task": 0.00175,
        "task_loss": 0.13991183396428825,
        "kl_div": 0.000893584800651297,
        "num_edges": 2,
        "coef": 0.0002443761035780708
    },
    "result_patching_config_global_iteration_1": {
        "0": {
            "k": {
                "0": [],
                "1": [],
                "2": [],
                "3": []
            },
            "q": {
                "0": [],
                "1": [],
                "2": [],
                "3": []
            },
            "v": {
                "0": [],
                "1": [],
                "2": [],
                "3": []
            },
            "mlp": [
                "wte"
            ]
        },
        "1": {
            "k": {
                "0": [],
                "1": [],
                "2": [],
                "3": []
            },
            "q": {
                "0": [],
                "1": [],
                "2": [],
                "3": []
            },
            "v": {
                "0": [],
                "1": [],
                "2": [],
                "3": []
            },
            "mlp": []
        },
        "lm_head": [
            "mlp-0-wte"
        ]
    },
    "result_patching_performance_global_iteration_2": {
        "acc_match": 0.002458333333333333,
        "acc_task": 0.00175,
        "task_loss": 0.13991183396428825,
        "kl_div": 0.000893584800651297,
        "num_edges": 0,
        "coef": 0.0002443761035780708
    },
    "result_patching_config_global_iteration_2": {
        "0": {
            "k": {
                "0": [],
                "1": [],
                "2": [],
                "3": []
            },
            "v": {
                "0": [],
                "1": [],
                "2": [],
                "3": []
            },
            "mlp": [
                "wte"
            ],
            "qk": {
                "0": [],
                "1": [],
                "2": [],
                "3": []
            }
        },
        "1": {
            "k": {
                "0": [],
                "1": [],
                "2": [],
                "3": []
            },
            "v": {
                "0": [],
                "1": [],
                "2": [],
                "3": []
            },
            "mlp": [],
            "qk": {
                "0": [],
                "1": [],
                "2": [],
                "3": []
            }
        },
        "lm_head": [
            "mlp-0-wte"
        ]
    }
}