{
    "result_patching_performance_global_iteration_0": {
        "acc_match": 0.9752083333333333,
        "acc_task": 0.9757916666666666,
        "task_loss": 0.015131602004403248,
        "kl_div": 0.0020517302060034126,
        "num_edges": 17,
        "coef": 0.0003
    },
    "result_patching_config_global_iteration_0": {
        "0": {
            "k": {
                "0": [
                    "wte",
                    "wpe"
                ]
            },
            "q": {
                "0": [
                    "wte",
                    "wpe"
                ]
            },
            "v": {
                "0": [
                    "wte",
                    "wpe"
                ]
            },
            "mlp": [
                "wpe",
                "attn_output-0-0"
            ]
        },
        "1": {
            "k": {
                "0": []
            },
            "q": {
                "0": []
            },
            "v": {
                "0": []
            },
            "mlp": []
        },
        "2": {
            "k": {
                "0": []
            },
            "q": {
                "0": []
            },
            "v": {
                "0": []
            },
            "mlp": []
        },
        "3": {
            "k": {
                "0": [
                    "mlp-0"
                ]
            },
            "q": {
                "0": [
                    "mlp-0"
                ]
            },
            "v": {
                "0": [
                    "mlp-0"
                ]
            },
            "mlp": [
                "attn_output-0-0",
                "attn_output-3-0",
                "mlp-0"
            ]
        },
        "lm_head": [
            "attn_output-3-0",
            "mlp-0",
            "mlp-3"
        ]
    },
    "acc_match": 0.975125,
    "acc_task": 0.9757083333333333,
    "kl_div": 0.00351806789112743,
    "task_loss": 0.026022985968738796,
    "result_patching_performance_global_iteration_1": {
        "acc_match": 0.9745416666666666,
        "acc_task": 0.9767916666666666,
        "task_loss": 0.01995607901364565,
        "kl_div": 0.0025580971577437595,
        "num_edges": 7,
        "coef": 0.03749999999999999
    },
    "result_patching_config_global_iteration_1": {
        "0": {
            "k": {
                "0": [
                    "wte",
                    "wpe"
                ]
            },
            "q": {
                "0": [
                    "wte",
                    "wpe"
                ]
            },
            "v": {
                "0": [
                    "wte"
                ]
            },
            "mlp": [
                "attn_output-0-0-wte"
            ]
        },
        "1": {
            "k": {
                "0": []
            },
            "q": {
                "0": []
            },
            "v": {
                "0": []
            },
            "mlp": []
        },
        "2": {
            "k": {
                "0": []
            },
            "q": {
                "0": []
            },
            "v": {
                "0": []
            },
            "mlp": []
        },
        "3": {
            "k": {
                "0": []
            },
            "q": {
                "0": []
            },
            "v": {
                "0": []
            },
            "mlp": []
        },
        "lm_head": [
            "mlp-0-attn_output-0-0-wte"
        ]
    },
    "result_patching_performance_global_iteration_2": {
        "acc_match": 0.975125,
        "acc_task": 0.9757083333333333,
        "task_loss": 0.026022985968738796,
        "kl_div": 0.00351806789112743,
        "num_edges": 2,
        "coef": 0.08385254915624209
    },
    "result_patching_config_global_iteration_2": {
        "0": {
            "k": {
                "0": []
            },
            "v": {
                "0": [
                    "wte"
                ]
            },
            "mlp": [
                "attn_output-0-0-wte"
            ],
            "qk": {
                "0": [
                    [
                        "wte",
                        "wte"
                    ],
                    [
                        "wpe",
                        "wpe"
                    ]
                ]
            }
        },
        "1": {
            "k": {
                "0": []
            },
            "v": {
                "0": []
            },
            "mlp": [],
            "qk": {
                "0": []
            }
        },
        "2": {
            "k": {
                "0": []
            },
            "v": {
                "0": []
            },
            "mlp": [],
            "qk": {
                "0": []
            }
        },
        "3": {
            "k": {
                "0": []
            },
            "v": {
                "0": []
            },
            "mlp": [],
            "qk": {
                "0": []
            }
        },
        "lm_head": [
            "mlp-0-attn_output-0-0-wte"
        ]
    }
}