{
    "result_patching_performance_global_iteration_0": {
        "acc_match": 0.00075,
        "acc_task": 0.00075,
        "task_loss": 0.14474248707294465,
        "kl_div": 0.0009470201315707527,
        "num_edges": 2,
        "coef": 0.0004170434885108037
    },
    "result_patching_config_global_iteration_0": {
        "0": {
            "k": {
                "0": [],
                "1": [],
                "2": [],
                "3": []
            },
            "q": {
                "0": [],
                "1": [],
                "2": [],
                "3": []
            },
            "v": {
                "0": [],
                "1": [],
                "2": [],
                "3": []
            },
            "mlp": [
                "wte"
            ]
        },
        "lm_head": [
            "mlp-0"
        ]
    },
    "result_patching_performance_global_iteration_1": {
        "acc_match": 0.0019166666666666666,
        "acc_task": 0.002458333333333333,
        "task_loss": 0.1377907044067979,
        "kl_div": 0.0009033583078416996,
        "num_edges": 2,
        "coef": 0.010426087212770092
    },
    "result_patching_config_global_iteration_1": {
        "0": {
            "k": {
                "0": [],
                "1": [],
                "2": [],
                "3": []
            },
            "q": {
                "0": [],
                "1": [],
                "2": [],
                "3": []
            },
            "v": {
                "0": [],
                "1": [],
                "2": [],
                "3": []
            },
            "mlp": [
                "wte"
            ]
        },
        "lm_head": [
            "mlp-0-wte"
        ]
    },
    "result_patching_config_global_iteration_2": {
        "0": {
            "k": {
                "0": [],
                "1": [],
                "2": [],
                "3": []
            },
            "v": {
                "0": [],
                "1": [],
                "2": [],
                "3": []
            },
            "mlp": [
                "wte"
            ],
            "qk": {
                "0": [],
                "1": [],
                "2": [],
                "3": []
            }
        },
        "lm_head": [
            "mlp-0-wte"
        ]
    },
    "acc_match": 0.0019166666666666666,
    "acc_task": 0.002458333333333333,
    "kl_div": 0.0009033583078416996,
    "task_loss": 0.1377907044067979
}