{
    "result_patching_performance_global_iteration_0": {
        "acc_match": 0.087,
        "acc_task": 0.08716666666666667,
        "task_loss": 0.1220333506166935,
        "kl_div": 0.0008330221788492054,
        "num_edges": 9,
        "coef": 0.0021289739219880308
    },
    "result_patching_config_global_iteration_0": {
        "0": {
            "k": {
                "0": [
                    "wpe"
                ]
            },
            "q": {
                "0": [
                    "wpe"
                ]
            },
            "v": {
                "0": [
                    "wte"
                ]
            },
            "mlp": []
        },
        "1": {
            "k": {
                "0": []
            },
            "q": {
                "0": []
            },
            "v": {
                "0": []
            },
            "mlp": [
                "wte"
            ]
        },
        "2": {
            "k": {
                "0": [
                    "mlp-1"
                ]
            },
            "q": {
                "0": [
                    "mlp-1"
                ]
            },
            "v": {
                "0": [
                    "attn_output-0-0"
                ]
            },
            "mlp": []
        },
        "3": {
            "k": {
                "0": []
            },
            "q": {
                "0": []
            },
            "v": {
                "0": []
            },
            "mlp": [
                "attn_output-2-0"
            ]
        },
        "lm_head": [
            "mlp-3"
        ]
    },
    "acc_match": 0.03320833333333333,
    "acc_task": 0.03320833333333333,
    "kl_div": 0.00170483986614272,
    "task_loss": 0.26341448530554773,
    "result_patching_performance_global_iteration_1": {
        "acc_match": 0.03266666666666666,
        "acc_task": 0.03266666666666666,
        "task_loss": 0.2317097397893667,
        "kl_div": 0.001508476348244585,
        "num_edges": 9,
        "coef": 8.515895687952123e-05
    },
    "result_patching_config_global_iteration_1": {
        "0": {
            "k": {
                "0": [
                    "wpe"
                ]
            },
            "q": {
                "0": [
                    "wpe"
                ]
            },
            "v": {
                "0": [
                    "wte"
                ]
            },
            "mlp": []
        },
        "1": {
            "k": {
                "0": []
            },
            "q": {
                "0": []
            },
            "v": {
                "0": []
            },
            "mlp": [
                "wte"
            ]
        },
        "2": {
            "k": {
                "0": [
                    "mlp-1-wte"
                ]
            },
            "q": {
                "0": [
                    "mlp-1-wte"
                ]
            },
            "v": {
                "0": [
                    "attn_output-0-0-wte"
                ]
            },
            "mlp": []
        },
        "3": {
            "k": {
                "0": []
            },
            "q": {
                "0": []
            },
            "v": {
                "0": []
            },
            "mlp": [
                "attn_output-2-0-attn_output-0-0-wte"
            ]
        },
        "lm_head": [
            "mlp-3-attn_output-2-0-attn_output-0-0-wte"
        ]
    },
    "result_patching_performance_global_iteration_2": {
        "acc_match": 0.03320833333333333,
        "acc_task": 0.03320833333333333,
        "task_loss": 0.26341448530554773,
        "kl_div": 0.00170483986614272,
        "num_edges": 2,
        "coef": 0.010644869609940153
    },
    "result_patching_config_global_iteration_2": {
        "0": {
            "k": {
                "0": []
            },
            "v": {
                "0": [
                    "wte"
                ]
            },
            "mlp": [],
            "qk": {
                "0": [
                    [
                        "wpe",
                        "wpe"
                    ]
                ]
            }
        },
        "1": {
            "k": {
                "0": []
            },
            "v": {
                "0": []
            },
            "mlp": [
                "wte"
            ],
            "qk": {
                "0": []
            }
        },
        "2": {
            "k": {
                "0": []
            },
            "v": {
                "0": [
                    "attn_output-0-0-wte"
                ]
            },
            "mlp": [],
            "qk": {
                "0": [
                    [
                        "mlp-1-wte",
                        "mlp-1-wte"
                    ]
                ]
            }
        },
        "3": {
            "k": {
                "0": []
            },
            "v": {
                "0": []
            },
            "mlp": [
                "attn_output-2-0-attn_output-0-0-wte"
            ],
            "qk": {
                "0": []
            }
        },
        "lm_head": [
            "mlp-3-attn_output-2-0-attn_output-0-0-wte"
        ]
    }
}