{
    "result_patching_performance_global_iteration_0": {
        "acc_match": 1.0,
        "acc_task": 1.0,
        "task_loss": 0.006290267871227115,
        "kl_div": 0.01991525975987315,
        "num_edges": 8,
        "coef": 0.012940208203123785
    },
    "result_patching_config_global_iteration_0": {
        "0": {
            "k": {
                "0": [
                    "wte"
                ]
            },
            "q": {
                "0": [
                    "wte"
                ]
            },
            "v": {
                "0": [
                    "wte"
                ]
            },
            "mlp": [
                "wte",
                "attn_output-0-0"
            ]
        },
        "lm_head": [
            "wte",
            "attn_output-0-0",
            "mlp-0"
        ]
    },
    "acc_match": 0.9932916666666667,
    "acc_task": 0.9932916666666667,
    "kl_div": 0.02612994004972279,
    "task_loss": 0.01354824193753302,
    "result_patching_performance_global_iteration_1": {
        "acc_match": 0.8771666666666667,
        "acc_task": 0.8771666666666667,
        "task_loss": 0.04419608436524868,
        "kl_div": 0.052934353072196245,
        "num_edges": 9,
        "coef": 5.300309279999502e-11
    },
    "result_patching_config_global_iteration_1": {
        "0": {
            "k": {
                "0": [
                    "wte"
                ]
            },
            "q": {
                "0": [
                    "wte"
                ]
            },
            "v": {
                "0": [
                    "wte"
                ]
            },
            "mlp": [
                "wte",
                "attn_output-0-0-wte"
            ]
        },
        "lm_head": [
            "wte",
            "attn_output-0-0-wte",
            "mlp-0-wte",
            "mlp-0-attn_output-0-0-wte"
        ]
    },
    "result_patching_performance_global_iteration_2": {
        "acc_match": 0.9932916666666667,
        "acc_task": 0.9932916666666667,
        "task_loss": 0.01354824193753302,
        "kl_div": 0.02612994004972279,
        "num_edges": 2,
        "coef": 2.650154639999751e-10
    },
    "result_patching_config_global_iteration_2": {
        "0": {
            "k": {
                "0": [
                    "wte"
                ]
            },
            "v": {
                "0": [
                    "wte"
                ]
            },
            "mlp": [
                "wte",
                "attn_output-0-0-wte"
            ],
            "qk": {
                "0": [
                    [
                        "wte",
                        "wte"
                    ]
                ]
            }
        },
        "lm_head": [
            "wte",
            "attn_output-0-0-wte",
            "mlp-0-wte",
            "mlp-0-attn_output-0-0-wte"
        ]
    }
}