{
    "result_patching_performance_global_iteration_0": {
        "acc_match": 0.9719166666666667,
        "acc_task": 0.964,
        "task_loss": 0.004344174939906225,
        "kl_div": 2.451182650474948e-05,
        "num_edges": 10,
        "coef": 0.00031622776601683794
    },
    "result_patching_config_global_iteration_0": {
        "0": {
            "k": {
                "0": [
                    "wte",
                    "wpe"
                ]
            },
            "q": {
                "0": [
                    "wte",
                    "wpe"
                ]
            },
            "v": {
                "0": [
                    "wte"
                ]
            },
            "mlp": [
                "wte"
            ]
        },
        "1": {
            "k": {
                "0": [
                    "wte"
                ]
            },
            "q": {
                "0": [
                    "mlp-0"
                ]
            },
            "v": {
                "0": [
                    "attn_output-0-0"
                ]
            },
            "mlp": []
        },
        "lm_head": [
            "attn_output-1-0"
        ]
    },
    "acc_match": 0.6974166666666667,
    "acc_task": 0.696375,
    "kl_div": 0.00017619347858271794,
    "task_loss": 0.022214809898287058,
    "result_patching_performance_global_iteration_1": {
        "acc_match": 0.969625,
        "acc_task": 0.9595833333333333,
        "task_loss": 0.005966064907843247,
        "kl_div": 2.933884106823825e-05,
        "num_edges": 10,
        "coef": 0.0001414213562373095
    },
    "result_patching_config_global_iteration_1": {
        "0": {
            "k": {
                "0": [
                    "wte",
                    "wpe"
                ]
            },
            "q": {
                "0": [
                    "wte",
                    "wpe"
                ]
            },
            "v": {
                "0": [
                    "wte"
                ]
            },
            "mlp": [
                "wte"
            ]
        },
        "1": {
            "k": {
                "0": [
                    "wte"
                ]
            },
            "q": {
                "0": [
                    "mlp-0-wte"
                ]
            },
            "v": {
                "0": [
                    "attn_output-0-0-wte"
                ]
            },
            "mlp": []
        },
        "lm_head": [
            "attn_output-1-0-attn_output-0-0-wte"
        ]
    },
    "result_patching_performance_global_iteration_2": {
        "acc_match": 0.6974166666666667,
        "acc_task": 0.696375,
        "task_loss": 0.022214809898287058,
        "kl_div": 0.00017619347858271794,
        "num_edges": 3,
        "coef": 0.0007071067811865475
    },
    "result_patching_config_global_iteration_2": {
        "0": {
            "k": {
                "0": [
                    "wte"
                ]
            },
            "v": {
                "0": [
                    "wte"
                ]
            },
            "mlp": [
                "wte"
            ],
            "qk": {
                "0": [
                    [
                        "wpe",
                        "wpe"
                    ]
                ]
            }
        },
        "1": {
            "k": {
                "0": []
            },
            "v": {
                "0": [
                    "attn_output-0-0-wte"
                ]
            },
            "mlp": [],
            "qk": {
                "0": [
                    [
                        "mlp-0-wte",
                        "wte"
                    ]
                ]
            }
        },
        "lm_head": [
            "attn_output-1-0-attn_output-0-0-wte"
        ]
    }
}