{
    "result_patching_performance_global_iteration_0": {
        "acc_match": 0.882,
        "acc_task": 0.8861666666666667,
        "task_loss": 0.010021967943757773,
        "kl_div": 7.050697608065094e-05,
        "num_edges": 16,
        "coef": 3.936931114295401e-05
    },
    "result_patching_config_global_iteration_0": {
        "0": {
            "k": {
                "0": [],
                "1": [],
                "2": [
                    "wte"
                ],
                "3": []
            },
            "q": {
                "0": [],
                "1": [],
                "2": [
                    "wte"
                ],
                "3": []
            },
            "v": {
                "0": [],
                "1": [],
                "2": [
                    "wte"
                ],
                "3": []
            },
            "mlp": [
                "wte",
                "attn_output-0-2"
            ]
        },
        "1": {
            "k": {
                "0": [
                    "mlp-0"
                ],
                "1": [],
                "2": [],
                "3": [
                    "mlp-0"
                ]
            },
            "q": {
                "0": [
                    "mlp-0"
                ],
                "1": [],
                "2": [],
                "3": [
                    "mlp-0"
                ]
            },
            "v": {
                "0": [
                    "mlp-0"
                ],
                "1": [],
                "2": [],
                "3": [
                    "mlp-0"
                ]
            },
            "mlp": [
                "mlp-0"
            ]
        },
        "lm_head": [
            "attn_output-1-0",
            "attn_output-1-3",
            "mlp-0",
            "mlp-1"
        ]
    },
    "acc_match": 0.9485833333333333,
    "acc_task": 0.9524583333333333,
    "kl_div": 3.308725850274641e-05,
    "task_loss": 0.004408503310987726,
    "result_patching_performance_global_iteration_1": {
        "acc_match": 0.9444166666666667,
        "acc_task": 0.9482916666666666,
        "task_loss": 0.003978291973471642,
        "kl_div": 3.332524062898301e-05,
        "num_edges": 20,
        "coef": 1.760649118859702e-05
    },
    "result_patching_config_global_iteration_1": {
        "0": {
            "k": {
                "0": [],
                "1": [],
                "2": [
                    "wte"
                ],
                "3": []
            },
            "q": {
                "0": [],
                "1": [],
                "2": [
                    "wte"
                ],
                "3": []
            },
            "v": {
                "0": [],
                "1": [],
                "2": [
                    "wte"
                ],
                "3": []
            },
            "mlp": [
                "wte",
                "attn_output-0-2-wte"
            ]
        },
        "1": {
            "k": {
                "0": [
                    "mlp-0-wte"
                ],
                "1": [],
                "2": [],
                "3": [
                    "mlp-0-wte",
                    "mlp-0-attn_output-0-2-wte"
                ]
            },
            "q": {
                "0": [
                    "mlp-0-wte"
                ],
                "1": [],
                "2": [],
                "3": [
                    "mlp-0-wte"
                ]
            },
            "v": {
                "0": [
                    "mlp-0-attn_output-0-2-wte"
                ],
                "1": [],
                "2": [],
                "3": [
                    "mlp-0-attn_output-0-2-wte"
                ]
            },
            "mlp": [
                "mlp-0-wte",
                "mlp-0-attn_output-0-2-wte"
            ]
        },
        "lm_head": [
            "attn_output-1-0-mlp-0-attn_output-0-2-wte",
            "attn_output-1-3-mlp-0-attn_output-0-2-wte",
            "mlp-0-wte",
            "mlp-0-attn_output-0-2-wte",
            "mlp-1-mlp-0-wte",
            "mlp-1-mlp-0-attn_output-0-2-wte"
        ]
    },
    "result_patching_performance_global_iteration_2": {
        "acc_match": 0.9485833333333333,
        "acc_task": 0.9524583333333333,
        "task_loss": 0.004408503310987726,
        "kl_div": 3.308725850274641e-05,
        "num_edges": 3,
        "coef": 8.80324559429851e-05
    },
    "result_patching_config_global_iteration_2": {
        "0": {
            "k": {
                "0": [],
                "1": [],
                "2": [
                    "wte"
                ],
                "3": []
            },
            "v": {
                "0": [],
                "1": [],
                "2": [
                    "wte"
                ],
                "3": []
            },
            "mlp": [
                "wte",
                "attn_output-0-2-wte"
            ],
            "qk": {
                "0": [],
                "1": [],
                "2": [
                    [
                        "wte",
                        "wte"
                    ]
                ],
                "3": []
            }
        },
        "1": {
            "k": {
                "0": [],
                "1": [],
                "2": [],
                "3": []
            },
            "v": {
                "0": [
                    "mlp-0-attn_output-0-2-wte"
                ],
                "1": [],
                "2": [],
                "3": [
                    "mlp-0-attn_output-0-2-wte"
                ]
            },
            "mlp": [
                "mlp-0-wte",
                "mlp-0-attn_output-0-2-wte"
            ],
            "qk": {
                "0": [],
                "1": [],
                "2": [],
                "3": [
                    [
                        "mlp-0-wte",
                        "mlp-0-wte"
                    ]
                ]
            }
        },
        "lm_head": [
            "attn_output-1-0-mlp-0-attn_output-0-2-wte",
            "attn_output-1-3-mlp-0-attn_output-0-2-wte",
            "mlp-0-wte",
            "mlp-0-attn_output-0-2-wte",
            "mlp-1-mlp-0-wte",
            "mlp-1-mlp-0-attn_output-0-2-wte"
        ]
    }
}