{
    "result_patching_performance_global_iteration_0": {
        "acc_match": 0.9885416666666667,
        "acc_task": 0.989875,
        "task_loss": 0.0010695155738358153,
        "kl_div": 9.060223599590245e-05,
        "num_edges": 13,
        "coef": 0.0005
    },
    "result_patching_config_global_iteration_0": {
        "0": {
            "k": {
                "0": [
                    "wpe"
                ],
                "1": [],
                "2": [
                    "wpe"
                ],
                "3": []
            },
            "q": {
                "0": [
                    "wpe"
                ],
                "1": [],
                "2": [
                    "wpe"
                ],
                "3": []
            },
            "v": {
                "0": [
                    "wte"
                ],
                "1": [],
                "2": [
                    "wte"
                ],
                "3": []
            },
            "mlp": [
                "wte",
                "attn_output-0-0",
                "attn_output-0-2"
            ]
        },
        "1": {
            "k": {
                "0": [],
                "1": [],
                "2": [
                    "mlp-0"
                ],
                "3": []
            },
            "q": {
                "0": [],
                "1": [],
                "2": [
                    "mlp-0"
                ],
                "3": []
            },
            "v": {
                "0": [],
                "1": [],
                "2": [
                    "mlp-0"
                ],
                "3": []
            },
            "mlp": []
        },
        "lm_head": [
            "attn_output-1-2"
        ]
    },
    "acc_match": 0.9102083333333333,
    "acc_task": 0.912,
    "kl_div": 0.0007434290929813869,
    "task_loss": 0.015047718035057188,
    "result_patching_performance_global_iteration_1": {
        "acc_match": 0.9282083333333333,
        "acc_task": 0.930125,
        "task_loss": 0.006276848905254155,
        "kl_div": 0.00032212403551966416,
        "num_edges": 13,
        "coef": 0.022857238749744678
    },
    "result_patching_config_global_iteration_1": {
        "0": {
            "k": {
                "0": [
                    "wpe"
                ],
                "1": [],
                "2": [
                    "wpe"
                ],
                "3": []
            },
            "q": {
                "0": [
                    "wpe"
                ],
                "1": [],
                "2": [
                    "wpe"
                ],
                "3": []
            },
            "v": {
                "0": [
                    "wte"
                ],
                "1": [],
                "2": [
                    "wte"
                ],
                "3": []
            },
            "mlp": [
                "wte",
                "attn_output-0-0-wte",
                "attn_output-0-2-wte"
            ]
        },
        "1": {
            "k": {
                "0": [],
                "1": [],
                "2": [
                    "mlp-0"
                ],
                "3": []
            },
            "q": {
                "0": [],
                "1": [],
                "2": [
                    "mlp-0"
                ],
                "3": []
            },
            "v": {
                "0": [],
                "1": [],
                "2": [
                    "mlp-0"
                ],
                "3": []
            },
            "mlp": []
        },
        "lm_head": [
            "attn_output-1-2-mlp-0"
        ]
    },
    "result_patching_performance_global_iteration_2": {
        "acc_match": 0.9102083333333333,
        "acc_task": 0.912,
        "task_loss": 0.015047718035057188,
        "kl_div": 0.0007434290929813869,
        "num_edges": 3,
        "coef": 0.05111033962237141
    },
    "result_patching_config_global_iteration_2": {
        "0": {
            "k": {
                "0": [],
                "1": [],
                "2": [],
                "3": []
            },
            "v": {
                "0": [
                    "wte"
                ],
                "1": [],
                "2": [
                    "wte"
                ],
                "3": []
            },
            "mlp": [
                "wte",
                "attn_output-0-0-wte",
                "attn_output-0-2-wte"
            ],
            "qk": {
                "0": [
                    [
                        "wpe",
                        "wpe"
                    ]
                ],
                "1": [],
                "2": [
                    [
                        "wpe",
                        "wpe"
                    ]
                ],
                "3": []
            }
        },
        "1": {
            "k": {
                "0": [],
                "1": [],
                "2": [],
                "3": []
            },
            "v": {
                "0": [],
                "1": [],
                "2": [
                    "mlp-0"
                ],
                "3": []
            },
            "mlp": [],
            "qk": {
                "0": [],
                "1": [],
                "2": [
                    [
                        "mlp-0",
                        "mlp-0"
                    ]
                ],
                "3": []
            }
        },
        "lm_head": [
            "attn_output-1-2-mlp-0"
        ]
    }
}