{
    "result_patching_performance_global_iteration_0": {
        "acc_match": 0.7887083333333333,
        "acc_task": 0.7874166666666667,
        "task_loss": 0.0022117184702074156,
        "kl_div": 0.0022377079544821754,
        "num_edges": 14,
        "coef": 0.0031622776601683794
    },
    "result_patching_config_global_iteration_0": {
        "0": {
            "k": {
                "0": [
                    "wte",
                    "wpe"
                ],
                "1": [
                    "wte",
                    "wpe"
                ]
            },
            "q": {
                "0": [
                    "wpe"
                ],
                "1": [
                    "wte",
                    "wpe"
                ]
            },
            "v": {
                "0": [
                    "wte",
                    "wpe"
                ],
                "1": [
                    "wte",
                    "wpe"
                ]
            },
            "mlp": [
                "attn_output-0-0",
                "attn_output-0-1"
            ]
        },
        "1": {
            "k": {
                "0": [],
                "1": []
            },
            "q": {
                "0": [],
                "1": []
            },
            "v": {
                "0": [],
                "1": []
            },
            "mlp": []
        },
        "2": {
            "k": {
                "0": [],
                "1": []
            },
            "q": {
                "0": [],
                "1": []
            },
            "v": {
                "0": [],
                "1": []
            },
            "mlp": []
        },
        "3": {
            "k": {
                "0": [],
                "1": []
            },
            "q": {
                "0": [],
                "1": []
            },
            "v": {
                "0": [],
                "1": []
            },
            "mlp": []
        },
        "lm_head": [
            "mlp-0"
        ]
    },
    "acc_match": 0.542625,
    "acc_task": 0.542125,
    "kl_div": 0.006539031257852912,
    "task_loss": 0.00655551899690181,
    "result_patching_performance_global_iteration_1": {
        "acc_match": 0.8777916666666666,
        "acc_task": 0.8765833333333334,
        "task_loss": 0.0035311282554175705,
        "kl_div": 0.003551558288745582,
        "num_edges": 18,
        "coef": 0.001414213562373095
    },
    "result_patching_config_global_iteration_1": {
        "0": {
            "k": {
                "0": [
                    "wpe"
                ],
                "1": [
                    "wte",
                    "wpe"
                ]
            },
            "q": {
                "0": [
                    "wpe"
                ],
                "1": [
                    "wte",
                    "wpe"
                ]
            },
            "v": {
                "0": [
                    "wte",
                    "wpe"
                ],
                "1": [
                    "wte",
                    "wpe"
                ]
            },
            "mlp": [
                "attn_output-0-0-wte",
                "attn_output-0-0-wpe",
                "attn_output-0-1-wte",
                "attn_output-0-1-wpe"
            ]
        },
        "1": {
            "k": {
                "0": [],
                "1": []
            },
            "q": {
                "0": [],
                "1": []
            },
            "v": {
                "0": [],
                "1": []
            },
            "mlp": []
        },
        "2": {
            "k": {
                "0": [],
                "1": []
            },
            "q": {
                "0": [],
                "1": []
            },
            "v": {
                "0": [],
                "1": []
            },
            "mlp": []
        },
        "3": {
            "k": {
                "0": [],
                "1": []
            },
            "q": {
                "0": [],
                "1": []
            },
            "v": {
                "0": [],
                "1": []
            },
            "mlp": []
        },
        "lm_head": [
            "mlp-0-attn_output-0-0-wte",
            "mlp-0-attn_output-0-0-wpe",
            "mlp-0-attn_output-0-1-wte",
            "mlp-0-attn_output-0-1-wpe"
        ]
    },
    "result_patching_performance_global_iteration_2": {
        "acc_match": 0.542625,
        "acc_task": 0.542125,
        "task_loss": 0.00655551899690181,
        "kl_div": 0.006539031257852912,
        "num_edges": 4,
        "coef": 0.004276188840520931
    },
    "result_patching_config_global_iteration_2": {
        "0": {
            "k": {
                "0": [],
                "1": [
                    "wte"
                ]
            },
            "v": {
                "0": [
                    "wte",
                    "wpe"
                ],
                "1": [
                    "wte",
                    "wpe"
                ]
            },
            "mlp": [
                "attn_output-0-0-wte",
                "attn_output-0-0-wpe",
                "attn_output-0-1-wte",
                "attn_output-0-1-wpe"
            ],
            "qk": {
                "0": [],
                "1": [
                    [
                        "wte",
                        "wte"
                    ],
                    [
                        "wpe",
                        "wte"
                    ],
                    [
                        "wpe",
                        "wpe"
                    ]
                ]
            }
        },
        "1": {
            "k": {
                "0": [],
                "1": []
            },
            "v": {
                "0": [],
                "1": []
            },
            "mlp": [],
            "qk": {
                "0": [],
                "1": []
            }
        },
        "2": {
            "k": {
                "0": [],
                "1": []
            },
            "v": {
                "0": [],
                "1": []
            },
            "mlp": [],
            "qk": {
                "0": [],
                "1": []
            }
        },
        "3": {
            "k": {
                "0": [],
                "1": []
            },
            "v": {
                "0": [],
                "1": []
            },
            "mlp": [],
            "qk": {
                "0": [],
                "1": []
            }
        },
        "lm_head": [
            "mlp-0-attn_output-0-0-wte",
            "mlp-0-attn_output-0-0-wpe",
            "mlp-0-attn_output-0-1-wte",
            "mlp-0-attn_output-0-1-wpe"
        ]
    }
}