{
    "result_patching_performance_global_iteration_0": {
        "acc_match": 0.861625,
        "acc_task": 0.8647916666666666,
        "task_loss": 0.0052080822526477276,
        "kl_div": 0.01574571256991476,
        "num_edges": 6,
        "coef": 0.02411265432098766
    },
    "result_patching_config_global_iteration_0": {
        "0": {
            "k": {
                "0": [
                    "wte"
                ],
                "1": []
            },
            "q": {
                "0": [
                    "wte"
                ],
                "1": []
            },
            "v": {
                "0": [
                    "wte",
                    "wpe"
                ],
                "1": []
            },
            "mlp": [
                "attn_output-0-0"
            ]
        },
        "lm_head": [
            "mlp-0"
        ]
    },
    "acc_match": 0.9826666666666667,
    "acc_task": 0.9870416666666667,
    "kl_div": 0.014226574315689505,
    "task_loss": 0.0037770481675397606,
    "result_patching_performance_global_iteration_1": {
        "acc_match": 0.9955416666666667,
        "acc_task": 1.0,
        "task_loss": 0.0040308080893009905,
        "kl_div": 0.014698158572427929,
        "num_edges": 5,
        "coef": 0.02411265432098766
    },
    "result_patching_config_global_iteration_1": {
        "0": {
            "k": {
                "0": [
                    "wte"
                ],
                "1": []
            },
            "q": {
                "0": [
                    "wte"
                ],
                "1": []
            },
            "v": {
                "0": [
                    "wte"
                ],
                "1": []
            },
            "mlp": [
                "attn_output-0-0-wte"
            ]
        },
        "lm_head": [
            "mlp-0-attn_output-0-0-wte"
        ]
    },
    "result_patching_performance_global_iteration_2": {
        "acc_match": 0.9826666666666667,
        "acc_task": 0.9870416666666667,
        "task_loss": 0.0037770481675397606,
        "kl_div": 0.014226574315689505,
        "num_edges": 0,
        "coef": 9419.005594135806
    },
    "result_patching_config_global_iteration_2": {
        "0": {
            "k": {
                "0": [],
                "1": []
            },
            "v": {
                "0": [
                    "wte"
                ],
                "1": []
            },
            "mlp": [
                "attn_output-0-0-wte"
            ],
            "qk": {
                "0": [],
                "1": []
            }
        },
        "lm_head": [
            "mlp-0-attn_output-0-0-wte"
        ]
    }
}