{
    "result_patching_performance_global_iteration_0": {
        "acc_match": 0.9742916666666667,
        "acc_task": 0.963875,
        "task_loss": 0.00392091567046009,
        "kl_div": 2.1559090182563523e-05,
        "num_edges": 12,
        "coef": 0.0001
    },
    "result_patching_config_global_iteration_0": {
        "0": {
            "k": {
                "0": [
                    "wte",
                    "wpe"
                ]
            },
            "q": {
                "0": [
                    "wte",
                    "wpe"
                ]
            },
            "v": {
                "0": [
                    "wte"
                ]
            },
            "mlp": [
                "wte"
            ]
        },
        "1": {
            "k": {
                "0": [
                    "wte",
                    "attn_output-0-0",
                    "mlp-0"
                ]
            },
            "q": {
                "0": [
                    "mlp-0"
                ]
            },
            "v": {
                "0": [
                    "attn_output-0-0"
                ]
            },
            "mlp": []
        },
        "lm_head": [
            "attn_output-1-0"
        ]
    },
    "acc_match": 0.8499583333333334,
    "acc_task": 0.849125,
    "kl_div": 0.00010030830304458505,
    "task_loss": 0.012519058242905884,
    "result_patching_performance_global_iteration_1": {
        "acc_match": 0.9727916666666667,
        "acc_task": 0.9612916666666667,
        "task_loss": 0.004633075024466962,
        "kl_div": 2.32206537930324e-05,
        "num_edges": 11,
        "coef": 0.00022360679774997898
    },
    "result_patching_config_global_iteration_1": {
        "0": {
            "k": {
                "0": [
                    "wte",
                    "wpe"
                ]
            },
            "q": {
                "0": [
                    "wte",
                    "wpe"
                ]
            },
            "v": {
                "0": [
                    "wte"
                ]
            },
            "mlp": [
                "wte"
            ]
        },
        "1": {
            "k": {
                "0": [
                    "wte",
                    "attn_output-0-0-wte"
                ]
            },
            "q": {
                "0": [
                    "mlp-0-wte"
                ]
            },
            "v": {
                "0": [
                    "attn_output-0-0-wte"
                ]
            },
            "mlp": []
        },
        "lm_head": [
            "attn_output-1-0-attn_output-0-0-wte"
        ]
    },
    "result_patching_performance_global_iteration_2": {
        "acc_match": 0.8499583333333334,
        "acc_task": 0.849125,
        "task_loss": 0.012519058242905884,
        "kl_div": 0.00010030830304458505,
        "num_edges": 4,
        "coef": 0.00022360679774997898
    },
    "result_patching_config_global_iteration_2": {
        "0": {
            "k": {
                "0": [
                    "wte"
                ]
            },
            "v": {
                "0": [
                    "wte"
                ]
            },
            "mlp": [
                "wte"
            ],
            "qk": {
                "0": [
                    [
                        "wpe",
                        "wpe"
                    ]
                ]
            }
        },
        "1": {
            "k": {
                "0": [
                    "attn_output-0-0-wte"
                ]
            },
            "v": {
                "0": [
                    "attn_output-0-0-wte"
                ]
            },
            "mlp": [],
            "qk": {
                "0": [
                    [
                        "mlp-0-wte",
                        "wte"
                    ]
                ]
            }
        },
        "lm_head": [
            "attn_output-1-0-attn_output-0-0-wte"
        ]
    }
}