{
    "result_patching_performance_global_iteration_0": {
        "acc_match": 0.75525,
        "acc_task": 0.7551666666666667,
        "task_loss": 0.0046146348910406235,
        "kl_div": 0.010522154211066663,
        "num_edges": 6,
        "coef": 0.020412414523193152
    },
    "result_patching_config_global_iteration_0": {
        "0": {
            "k": {
                "0": [
                    "wpe"
                ],
                "1": []
            },
            "q": {
                "0": [
                    "wpe"
                ],
                "1": []
            },
            "v": {
                "0": [
                    "wte"
                ],
                "1": []
            },
            "mlp": [
                "wte"
            ]
        },
        "1": {
            "k": {
                "0": [],
                "1": []
            },
            "q": {
                "0": [],
                "1": []
            },
            "v": {
                "0": [],
                "1": []
            },
            "mlp": []
        },
        "lm_head": [
            "attn_output-0-0",
            "mlp-0"
        ]
    },
    "acc_match": 0.07825,
    "acc_task": 0.07825,
    "kl_div": 0.040054643619805576,
    "task_loss": 0.03846181835979223,
    "result_patching_performance_global_iteration_1": {
        "acc_match": 0.7561666666666667,
        "acc_task": 0.7560416666666666,
        "task_loss": 0.0044036851834971455,
        "kl_div": 0.010823769513517618,
        "num_edges": 6,
        "coef": 0.035494847787898444
    },
    "result_patching_config_global_iteration_1": {
        "0": {
            "k": {
                "0": [
                    "wpe"
                ],
                "1": []
            },
            "q": {
                "0": [
                    "wpe"
                ],
                "1": []
            },
            "v": {
                "0": [
                    "wte"
                ],
                "1": []
            },
            "mlp": [
                "wte"
            ]
        },
        "1": {
            "k": {
                "0": [],
                "1": []
            },
            "q": {
                "0": [],
                "1": []
            },
            "v": {
                "0": [],
                "1": []
            },
            "mlp": []
        },
        "lm_head": [
            "attn_output-0-0-wte",
            "mlp-0-wte"
        ]
    },
    "result_patching_performance_global_iteration_2": {
        "acc_match": 0.07825,
        "acc_task": 0.07825,
        "task_loss": 0.03846181835979223,
        "kl_div": 0.040054643619805576,
        "num_edges": 1,
        "coef": 0.002870943768846471
    },
    "result_patching_config_global_iteration_2": {
        "0": {
            "k": {
                "0": [],
                "1": []
            },
            "v": {
                "0": [
                    "wte"
                ],
                "1": []
            },
            "mlp": [
                "wte"
            ],
            "qk": {
                "0": [
                    [
                        "wpe",
                        "wpe"
                    ]
                ],
                "1": []
            }
        },
        "1": {
            "k": {
                "0": [],
                "1": []
            },
            "v": {
                "0": [],
                "1": []
            },
            "mlp": [],
            "qk": {
                "0": [],
                "1": []
            }
        },
        "lm_head": [
            "attn_output-0-0-wte",
            "mlp-0-wte"
        ]
    }
}